{"_runtime": 83, "_timestamp": 1635848023, "conf_table": {"_type": "table-file", "path": "media/table/conf_table_33_64d53b227faa1d9af28f.table.json", "sha256": "64d53b227faa1d9af28f0039b25e56adeb64e665247c693173315a44082c2d85", "size": 182, "artifact_path": "wandb-client-artifact://6fheqksk83u61w399bguiyhq9n1jokaw3bpjvccbounfml0cpg2ud0t59poj93ms312kmwuyf9rpg2id90ilzmkkq2x01sbmocetw83paniw0wpdgow89wqqhp5tmq6l:latest/conf_table.table.json", "_latest_artifact_path": "wandb-client-artifact://6fheqksk83u61w399bguiyhq9n1jokaw3bpjvccbounfml0cpg2ud0t59poj93ms312kmwuyf9rpg2id90ilzmkkq2x01sbmocetw83paniw0wpdgow89wqqhp5tmq6l:latest/conf_table.table.json", "ncols": 3, "nrows": 4}, "_step": 35, "examples": {"_type": "table-file", "path": "media/table/examples_34_91f6e347e7ecd02507aa.table.json", "sha256": "91f6e347e7ecd02507aaae308eae951941a1290f1e97d62b6d4de16dc22ad454", "size": 1253, "artifact_path": "wandb-client-artifact://mcor7fvdjadelm98glcpkad4iy1s1sirisetej2uiagb0rxcvz2guh8vwnh62ph2afpph6wjtb1ed9dnf1i30bg6wtfrh7qhnpp32ho3l0ast18m4udu8z3g4wnuuryh:latest/examples.table.json", "_latest_artifact_path": "wandb-client-artifact://mcor7fvdjadelm98glcpkad4iy1s1sirisetej2uiagb0rxcvz2guh8vwnh62ph2afpph6wjtb1ed9dnf1i30bg6wtfrh7qhnpp32ho3l0ast18m4udu8z3g4wnuuryh:latest/examples.table.json", "ncols": 3, "nrows": 20}, "global_step": 133, "train/loss_step": 0.5855202078819275, "train/acc_step": 0.71875, "epoch": 0, "trainer/global_step": 133, "train/loss_epoch": 0.6131880879402161, "train/acc_epoch": 0.7043620347976685, "valid/loss_step/epoch_0": 0.4895062744617462, "valid/loss_epoch": 0.6179564595222473, "valid/acc": 0.6912751793861389, "valid/precision_macro": 0.34563758969306946, "valid/recall_macro": 0.5, "valid/precision_micro": 0.6912751793861389, "valid/recall_micro": 0.6912751793861389, "valid/f1": 0.6912751793861389, "_wandb": {"runtime": 81}}