{"_runtime": 94, "_timestamp": 1635335685, "conf_table": {"_type": "table-file", "path": "media/table/conf_table_33_64d53b227faa1d9af28f.table.json", "sha256": "64d53b227faa1d9af28f0039b25e56adeb64e665247c693173315a44082c2d85", "size": 182, "artifact_path": "wandb-client-artifact://117u4sg5if3vronljvk89zmiq856wpacbhw5jmcv62cs1f233ogd2gwpv7dv04wcbh33amu76t9ehmt5ukvw5f3h6xzs64ga17jouqa35skmzf5foqcquirs6tb2rftp:latest/conf_table.table.json", "_latest_artifact_path": "wandb-client-artifact://117u4sg5if3vronljvk89zmiq856wpacbhw5jmcv62cs1f233ogd2gwpv7dv04wcbh33amu76t9ehmt5ukvw5f3h6xzs64ga17jouqa35skmzf5foqcquirs6tb2rftp:latest/conf_table.table.json", "ncols": 3, "nrows": 4}, "_step": 35, "examples": {"_type": "table-file", "path": "media/table/examples_34_91f6e347e7ecd02507aa.table.json", "sha256": "91f6e347e7ecd02507aaae308eae951941a1290f1e97d62b6d4de16dc22ad454", "size": 1253, "artifact_path": "wandb-client-artifact://9ftdol03bowdz8gnuw7m796sq0pm16ep2yc41893d6ks7ojiytv2bzpkhqq3ruxczg09ovjabvtof1c8sx33ghoypayqkj8gq65juvpjvwa4erehwoqc99zfhfov8wo9:latest/examples.table.json", "_latest_artifact_path": "wandb-client-artifact://9ftdol03bowdz8gnuw7m796sq0pm16ep2yc41893d6ks7ojiytv2bzpkhqq3ruxczg09ovjabvtof1c8sx33ghoypayqkj8gq65juvpjvwa4erehwoqc99zfhfov8wo9:latest/examples.table.json", "ncols": 3, "nrows": 20}, "global_step": 133, "train/loss_step": 0.5594874024391174, "train/acc_step": 0.75, "epoch": 0, "trainer/global_step": 133, "train/loss_epoch": 0.6189365386962891, "train/acc_epoch": 0.697813093662262, "valid/loss_step/epoch_0": 0.4804880619049072, "valid/loss_epoch": 0.6182685494422913, "valid/acc": 0.6912751793861389, "valid/precision_macro": 0.34563758969306946, "valid/recall_macro": 0.5, "valid/precision_micro": 0.6912751793861389, "valid/recall_micro": 0.6912751793861389, "valid/f1": 0.6912751793861389, "_wandb": {"runtime": 92}}