{"_runtime": 115, "_timestamp": 1634820641, "conf_table": {"_type": "table-file", "path": "media/table/conf_table_55_53e8eba8db34a3d4f73a.table.json", "sha256": "53e8eba8db34a3d4f73afd1e1cac64141a46c1d5c77a3203ca3a6bd51dc9edb3", "size": 181, "artifact_path": "wandb-client-artifact://azsirertxj83j033xijiqd3d1e6gh1gj8i0vqgxs8vt6ertgp3nrozg56q130lr4scs4nox9vc13ididrynvyinhul0nmyne6s02g799gpmllxuuhbxz2xkrhj3fqnbe:latest/conf_table.table.json", "_latest_artifact_path": "wandb-client-artifact://azsirertxj83j033xijiqd3d1e6gh1gj8i0vqgxs8vt6ertgp3nrozg56q130lr4scs4nox9vc13ididrynvyinhul0nmyne6s02g799gpmllxuuhbxz2xkrhj3fqnbe:latest/conf_table.table.json", "ncols": 3, "nrows": 4}, "_step": 57, "examples": {"_type": "table-file", "path": "media/table/examples_56_91f6e347e7ecd02507aa.table.json", "sha256": "91f6e347e7ecd02507aaae308eae951941a1290f1e97d62b6d4de16dc22ad454", "size": 1253, "artifact_path": "wandb-client-artifact://ez1qowywv006enwfre28mi5d7252762r8q7p5eu8871dwb4b8szji7obgso1ezoexnkyh517unui6a0pxm89cnopspblsg5a2i7klooyqjbpyr4me3j4pgs690ac42ux:latest/examples.table.json", "_latest_artifact_path": "wandb-client-artifact://ez1qowywv006enwfre28mi5d7252762r8q7p5eu8871dwb4b8szji7obgso1ezoexnkyh517unui6a0pxm89cnopspblsg5a2i7klooyqjbpyr4me3j4pgs690ac42ux:latest/examples.table.json", "ncols": 3, "nrows": 20}, "global_step": 164, "train/loss_step": 0.6327527761459351, "train/acc_step": 0.65625, "epoch": 4, "trainer/global_step": 164, "train/loss_epoch": 0.6099219918251038, "train/acc_epoch": 0.7002840638160706, "valid/loss_step/epoch_0": 0.6293230652809143, "valid/loss_epoch": 0.6535669565200806, "valid/acc": 0.65625, "valid/precision_macro": 0.328125, "valid/recall_macro": 0.5, "valid/precision_micro": 0.65625, "valid/recall_micro": 0.65625, "valid/f1": 0.65625, "valid/loss_step/epoch_1": 0.6303087472915649, "valid/loss_step/epoch_2": 0.628946840763092, "valid/loss_step/epoch_3": 0.633482038974762, "valid/loss_step/epoch_4": 0.6355435848236084, "_wandb": {"runtime": 113}}