{"_runtime": 245, "_timestamp": 1634901113, "conf_table": {"_type": "table-file", "path": "media/table/conf_table_102_64d53b227faa1d9af28f.table.json", "sha256": "64d53b227faa1d9af28f0039b25e56adeb64e665247c693173315a44082c2d85", "size": 182, "artifact_path": "wandb-client-artifact://33fxxpt1c7izicu40omde1cz1rtxpydeqm13zm2ykdk5qnzqly5j46ftij6wp410s7d6h8rsehhocf4p9sqofsmb45b844ehosb7p62bkg42wj75codgtnpt8b2blxi9:latest/conf_table.table.json", "_latest_artifact_path": "wandb-client-artifact://33fxxpt1c7izicu40omde1cz1rtxpydeqm13zm2ykdk5qnzqly5j46ftij6wp410s7d6h8rsehhocf4p9sqofsmb45b844ehosb7p62bkg42wj75codgtnpt8b2blxi9:latest/conf_table.table.json", "ncols": 3, "nrows": 4}, "_step": 104, "examples": {"_type": "table-file", "path": "media/table/examples_103_91f6e347e7ecd02507aa.table.json", "sha256": "91f6e347e7ecd02507aaae308eae951941a1290f1e97d62b6d4de16dc22ad454", "size": 1253, "artifact_path": "wandb-client-artifact://zbg42fw3rksemocmasr3ink39kxgiibar39zcuhr7rll46li7p74b9wq2wyamwmhfb7u36nxdk4fqc7hzean4fwgobbodnhqdafhyuvtzadj3uou07mbz6ik12mtqwcu:latest/examples.table.json", "_latest_artifact_path": "wandb-client-artifact://zbg42fw3rksemocmasr3ink39kxgiibar39zcuhr7rll46li7p74b9wq2wyamwmhfb7u36nxdk4fqc7hzean4fwgobbodnhqdafhyuvtzadj3uou07mbz6ik12mtqwcu:latest/examples.table.json", "ncols": 3, "nrows": 20}, "global_step": 401, "train/loss_step": 0.5881363153457642, "train/acc_step": 0.71875, "epoch": 2, "trainer/global_step": 401, "train/loss_epoch": 0.6061328649520874, "train/acc_epoch": 0.7043620347976685, "valid/loss_step/epoch_0": 0.49455350637435913, "valid/loss_epoch": 0.6144131422042847, "valid/acc": 0.6912751793861389, "valid/precision_macro": 0.34563758969306946, "valid/recall_macro": 0.5, "valid/precision_micro": 0.6912751793861389, "valid/recall_micro": 0.6912751793861389, "valid/f1": 0.6912751793861389, "valid/loss_step/epoch_1": 0.510890781879425, "valid/loss_step/epoch_2": 0.5115079283714294, "_wandb": {"runtime": 243}}