{"_runtime": 331, "_timestamp": 1634899145, "conf_table": {"_type": "table-file", "path": "media/table/conf_table_136_64d53b227faa1d9af28f.table.json", "sha256": "64d53b227faa1d9af28f0039b25e56adeb64e665247c693173315a44082c2d85", "size": 182, "artifact_path": "wandb-client-artifact://1pupqbbws6k6rzqwrgt6su03vaqn0tl40pns5lbogl8r4q9h48eenzwloo8zhaqtxtlvxk3l35ki5wvxdj8eq8pk8sqjb1pw7vg66dxrszk37h55cy00pripqspbeku1:latest/conf_table.table.json", "_latest_artifact_path": "wandb-client-artifact://1pupqbbws6k6rzqwrgt6su03vaqn0tl40pns5lbogl8r4q9h48eenzwloo8zhaqtxtlvxk3l35ki5wvxdj8eq8pk8sqjb1pw7vg66dxrszk37h55cy00pripqspbeku1:latest/conf_table.table.json", "ncols": 3, "nrows": 4}, "_step": 138, "examples": {"_type": "table-file", "path": "media/table/examples_137_91f6e347e7ecd02507aa.table.json", "sha256": "91f6e347e7ecd02507aaae308eae951941a1290f1e97d62b6d4de16dc22ad454", "size": 1253, "artifact_path": "wandb-client-artifact://yok3vwb7teq38e6zegrkbyv5w48h1act85494ld3ae8g9gh7yg3ve8f7z231z1fzvecjcl5s77qzu4bleihf5ed7uika1yeni3sgk9lfun808evhv5jpspsql7ag29mq:latest/examples.table.json", "_latest_artifact_path": "wandb-client-artifact://yok3vwb7teq38e6zegrkbyv5w48h1act85494ld3ae8g9gh7yg3ve8f7z231z1fzvecjcl5s77qzu4bleihf5ed7uika1yeni3sgk9lfun808evhv5jpspsql7ag29mq:latest/examples.table.json", "ncols": 3, "nrows": 20}, "global_step": 535, "train/loss_step": 0.5338001847267151, "train/acc_step": 0.78125, "epoch": 3, "trainer/global_step": 535, "train/loss_epoch": 0.6028845310211182, "train/acc_epoch": 0.7042450904846191, "valid/loss_step/epoch_0": 0.4785408079624176, "valid/loss_epoch": 0.6156004667282104, "valid/acc": 0.6912751793861389, "valid/precision_macro": 0.34563758969306946, "valid/recall_macro": 0.5, "valid/precision_micro": 0.6912751793861389, "valid/recall_micro": 0.6912751793861389, "valid/f1": 0.6912751793861389, "valid/loss_step/epoch_1": 0.4900016188621521, "valid/loss_step/epoch_2": 0.5024506449699402, "valid/loss_step/epoch_3": 0.49034079909324646, "_wandb": {"runtime": 329}}