{"_runtime": 87, "_timestamp": 1636039798, "conf_table": {"_type": "table-file", "path": "media/table/conf_table_33_64d53b227faa1d9af28f.table.json", "sha256": "64d53b227faa1d9af28f0039b25e56adeb64e665247c693173315a44082c2d85", "size": 182, "artifact_path": "wandb-client-artifact://fk1vuc2alh531atwowjczo3j6celby2kcntn1kn8iv7f8lpu6yej2o0jti54mj0q68s7pb50qcduyheaw818zvqd5h6thgs5zijtqez54d1c8ekuwcjnkmk7xaqoqg4l:latest/conf_table.table.json", "_latest_artifact_path": "wandb-client-artifact://fk1vuc2alh531atwowjczo3j6celby2kcntn1kn8iv7f8lpu6yej2o0jti54mj0q68s7pb50qcduyheaw818zvqd5h6thgs5zijtqez54d1c8ekuwcjnkmk7xaqoqg4l:latest/conf_table.table.json", "ncols": 3, "nrows": 4}, "_step": 35, "examples": {"_type": "table-file", "path": "media/table/examples_34_91f6e347e7ecd02507aa.table.json", "sha256": "91f6e347e7ecd02507aaae308eae951941a1290f1e97d62b6d4de16dc22ad454", "size": 1253, "artifact_path": "wandb-client-artifact://16dox96bh71o6j1dkz8r9p2llkd1a4t3h9hk0zemo29q9tq0buxr2u6vne0sle4mx9192osq16vtp2rl3g7e6cp2ww4ohxnp4xrceed1651in82gbwmsl2bkfhietcgi:latest/examples.table.json", "_latest_artifact_path": "wandb-client-artifact://16dox96bh71o6j1dkz8r9p2llkd1a4t3h9hk0zemo29q9tq0buxr2u6vne0sle4mx9192osq16vtp2rl3g7e6cp2ww4ohxnp4xrceed1651in82gbwmsl2bkfhietcgi:latest/examples.table.json", "ncols": 3, "nrows": 20}, "global_step": 133, "train/loss_step": 0.6029558181762695, "train/acc_step": 0.703125, "epoch": 0, "trainer/global_step": 133, "train/loss_epoch": 0.6176134943962097, "train/acc_epoch": 0.7033095359802246, "valid/loss_step/epoch_0": 0.48020926117897034, "valid/loss_epoch": 0.6180078387260437, "valid/acc": 0.6912751793861389, "valid/precision_macro": 0.34563758969306946, "valid/recall_macro": 0.5, "valid/precision_micro": 0.6912751793861389, "valid/recall_micro": 0.6912751793861389, "valid/f1": 0.6912751793861389, "_wandb": {"runtime": 80}}