{"_runtime": 88, "_timestamp": 1634916936, "conf_table": {"_type": "table-file", "path": "media/table/conf_table_33_64d53b227faa1d9af28f.table.json", "sha256": "64d53b227faa1d9af28f0039b25e56adeb64e665247c693173315a44082c2d85", "size": 182, "artifact_path": "wandb-client-artifact://5dhlx80b0tj9p5onrkbiiymzl1dobkab46j8pweeocuqf5f33w551wqxzlxw922keeizxri9m5acw3hmi9xmadqxfabthebj44n2epzdn1dktenefkgz3xobxo9atlpl:latest/conf_table.table.json", "_latest_artifact_path": "wandb-client-artifact://5dhlx80b0tj9p5onrkbiiymzl1dobkab46j8pweeocuqf5f33w551wqxzlxw922keeizxri9m5acw3hmi9xmadqxfabthebj44n2epzdn1dktenefkgz3xobxo9atlpl:latest/conf_table.table.json", "ncols": 3, "nrows": 4}, "_step": 35, "examples": {"_type": "table-file", "path": "media/table/examples_34_91f6e347e7ecd02507aa.table.json", "sha256": "91f6e347e7ecd02507aaae308eae951941a1290f1e97d62b6d4de16dc22ad454", "size": 1253, "artifact_path": "wandb-client-artifact://8o5auvjdeqvfwmwbm48ha2kosd2tt0zlz3f9pmagaozohgqyuy2tzg7w8jd5nnyl15pmiurafm63xmr2g8rh5fjd939x7yifhcc6ch9k5xd75tqrbr44jkqcjsvgyysw:latest/examples.table.json", "_latest_artifact_path": "wandb-client-artifact://8o5auvjdeqvfwmwbm48ha2kosd2tt0zlz3f9pmagaozohgqyuy2tzg7w8jd5nnyl15pmiurafm63xmr2g8rh5fjd939x7yifhcc6ch9k5xd75tqrbr44jkqcjsvgyysw:latest/examples.table.json", "ncols": 3, "nrows": 20}, "global_step": 133, "train/loss_step": 0.6407069563865662, "train/acc_step": 0.65625, "epoch": 0, "trainer/global_step": 133, "train/loss_epoch": 0.6106461882591248, "train/acc_epoch": 0.7044789791107178, "valid/loss_step/epoch_0": 0.4936239719390869, "valid/loss_epoch": 0.6179540753364563, "valid/acc": 0.6912751793861389, "valid/precision_macro": 0.34563758969306946, "valid/recall_macro": 0.5, "valid/precision_micro": 0.6912751793861389, "valid/recall_micro": 0.6912751793861389, "valid/f1": 0.6912751793861389, "_wandb": {"runtime": 86}}