{"_runtime": 81, "_timestamp": 1634732209, "conf_table": {"_type": "table-file", "path": "media/table/conf_table_33_64d53b227faa1d9af28f.table.json", "sha256": "64d53b227faa1d9af28f0039b25e56adeb64e665247c693173315a44082c2d85", "size": 182, "artifact_path": "wandb-client-artifact://56kanjjzvltyuaij83q9ewz0csp5sa6lznlk6k7vpqeokdmlpuawzejnmxa1q6olnzon8qce9jbv8u8zc3k1d60r0svk04mwalwu8f3x2t0gmygbe5gikibswq5hq74u:latest/conf_table.table.json", "_latest_artifact_path": "wandb-client-artifact://56kanjjzvltyuaij83q9ewz0csp5sa6lznlk6k7vpqeokdmlpuawzejnmxa1q6olnzon8qce9jbv8u8zc3k1d60r0svk04mwalwu8f3x2t0gmygbe5gikibswq5hq74u:latest/conf_table.table.json", "ncols": 3, "nrows": 4}, "_step": 35, "examples": {"_type": "table-file", "path": "media/table/examples_34_91f6e347e7ecd02507aa.table.json", "sha256": "91f6e347e7ecd02507aaae308eae951941a1290f1e97d62b6d4de16dc22ad454", "size": 1253, "artifact_path": "wandb-client-artifact://ww7lnjv4h3v2rgd5ocodbjwtf0i9ppqtgh8e88t0xapznusxj1qy9f4a0jo3za7ctdjkokqyefif1e4ra2ce8rp0py6enw4ykxyuny2dw8oc7n0ddvn6pncvh2f5458d:latest/examples.table.json", "_latest_artifact_path": "wandb-client-artifact://ww7lnjv4h3v2rgd5ocodbjwtf0i9ppqtgh8e88t0xapznusxj1qy9f4a0jo3za7ctdjkokqyefif1e4ra2ce8rp0py6enw4ykxyuny2dw8oc7n0ddvn6pncvh2f5458d:latest/examples.table.json", "ncols": 3, "nrows": 20}, "global_step": 133, "train/loss_step": 0.5868239402770996, "train/acc_step": 0.734375, "epoch": 0, "trainer/global_step": 133, "train/loss_epoch": 0.631506085395813, "train/acc_epoch": 0.6681089997291565, "valid/loss_step/epoch_0": 0.4826430678367615, "valid/loss_epoch": 0.6187487244606018, "valid/acc": 0.6912751793861389, "valid/precision_macro": 0.34563758969306946, "valid/recall_macro": 0.5, "valid/precision_micro": 0.6912751793861389, "valid/recall_micro": 0.6912751793861389, "valid/f1": 0.6912751793861389, "_wandb": {"runtime": 78}}