{"_runtime": 199, "_timestamp": 1634731559, "conf_table": {"_type": "table-file", "path": "media/table/conf_table_33_64d53b227faa1d9af28f.table.json", "sha256": "64d53b227faa1d9af28f0039b25e56adeb64e665247c693173315a44082c2d85", "size": 182, "artifact_path": "wandb-client-artifact://3sxqbluenbvsh35r3f6cnw5f0faji0ahrseti99nlk2vdps5rh6gu1odowhmrwuq0wf9i3pagvxyl2rer565f8tcsnzge58nznj6l1vpq32wdv4zfiznq1mgwqr6jeka:latest/conf_table.table.json", "_latest_artifact_path": "wandb-client-artifact://3sxqbluenbvsh35r3f6cnw5f0faji0ahrseti99nlk2vdps5rh6gu1odowhmrwuq0wf9i3pagvxyl2rer565f8tcsnzge58nznj6l1vpq32wdv4zfiznq1mgwqr6jeka:latest/conf_table.table.json", "ncols": 3, "nrows": 4}, "_step": 35, "examples": {"_type": "table-file", "path": "media/table/examples_34_91f6e347e7ecd02507aa.table.json", "sha256": "91f6e347e7ecd02507aaae308eae951941a1290f1e97d62b6d4de16dc22ad454", "size": 1253, "artifact_path": "wandb-client-artifact://4bn71s4abhjgg09aa1nd0i6j8x0ivsrhnfkvisu3wycpixppynr1pgqht6ozzbixvqzh4x2liec5m27c9svta8sj9j9zl3xuw52f8orrs8t083ojnixc3zs5pc54cpaz:latest/examples.table.json", "_latest_artifact_path": "wandb-client-artifact://4bn71s4abhjgg09aa1nd0i6j8x0ivsrhnfkvisu3wycpixppynr1pgqht6ozzbixvqzh4x2liec5m27c9svta8sj9j9zl3xuw52f8orrs8t083ojnixc3zs5pc54cpaz:latest/examples.table.json", "ncols": 3, "nrows": 20}, "global_step": 133, "train/loss_step": 0.617356538772583, "train/acc_step": 0.6875, "epoch": 0, "trainer/global_step": 133, "train/loss_epoch": 0.6232185959815979, "train/acc_epoch": 0.6815577149391174, "valid/loss_step/epoch_0": 0.4836435914039612, "valid/loss_epoch": 0.6184414625167847, "valid/acc": 0.6912751793861389, "valid/precision_macro": 0.34563758969306946, "valid/recall_macro": 0.5, "valid/precision_micro": 0.6912751793861389, "valid/recall_micro": 0.6912751793861389, "valid/f1": 0.6912751793861389, "_wandb": {"runtime": 196}}